Reebok##Apparel##&##Equipment Reebok##Apparel##&##Equipment Reebok##Apparel##&##Equipment Reebok##Apparel##&##Equipment Reebok##Apparel##&##Equipment Reebok##Apparel##&##Equipment Reebok##Apparel##&##Equipment Reebok##Apparel##&##Equipment Reebok##Apparel##&##Equipment Reebok##Apparel##&##Equipment Reebok##Apparel##&##Equipment Reebok##Apparel##&##Equipment Reebok##Apparel##&##Equipment Reebok##Apparel##&##Equipment Reebok##Apparel##&##Equipment Reebok##Apparel##&##Equipment Reebok##Apparel##&##Equipment Reebok##Apparel##&##Equipment Reebok##Apparel##&##Equipment Reebok##Apparel##&##Equipment Reebok##Apparel##&##Equipment Reebok##Apparel##&##Equipment Reebok##Apparel##&##Equipment Reebok##Apparel##&##Equipment Reebok##Apparel##&##Equipment Reebok##Apparel##&##Equipment Reebok##Apparel##&##Equipment Reebok##Apparel##&##Equipment Reebok##Apparel##&##Equipment Reebok##Apparel##&##Equipment Reebok##Apparel##&##Equipment Reebok##Apparel##&##Equipment Reebok##Apparel##&##Equipment Reebok##Apparel##&##Equipment Reebok##Apparel##&##Equipment Reebok##Apparel##&##Equipment Reebok##Apparel##&##Equipment Reebok##Apparel##&##Equipment Reebok##Apparel##&##Equipment Reebok##Apparel##&##Equipment Reebok##Apparel##&##Equipment Reebok##Apparel##&##Equipment Reebok##Apparel##&##Equipment Reebok##Apparel##&##Equipment Reebok##Apparel##&##Equipment Reebok##Apparel##&##Equipment Reebok##Apparel##&##Equipment Reebok##Apparel##&##Equipment Reebok##Apparel##&##Equipment Discover##Financial##Services Discover##Financial##Services Discover##Financial##Services Discover##Financial##Services Discover##Financial##Services Discover##Financial##Services Discover##Financial##Services Discover##Financial##Services Discover##Financial##Services Discover##Financial##Services Discover##Financial##Services Discover##Financial##Services Discover##Financial##Services Discover##Financial##Services Discover##Financial##Services Discover##Financial##Services Discover##Financial##Services Discover##Financial##Services Discover##Financial##Services Discover##Financial##Services Discover##Financial##Services Discover##Financial##Services Discover##Financial##Services Discover##Financial##Services Discover##Financial##Services Discover##Financial##Services Discover##Financial##Services Discover##Financial##Services Discover##Financial##Services Discover##Financial##Services Discover##Financial##Services Discover##Financial##Services Discover##Financial##Services Discover##Financial##Services Discover##Financial##Services Discover##Financial##Services Discover##Financial##Services Discover##Financial##Services Discover##Financial##Services Discover##Financial##Services Raymour##and##Flanigan Raymour##and##Flanigan Raymour##and##Flanigan Raymour##and##Flanigan Raymour##and##Flanigan Raymour##and##Flanigan Raymour##and##Flanigan Raymour##and##Flanigan Raymour##and##Flanigan Raymour##and##Flanigan Raymour##and##Flanigan Raymour##and##Flanigan Raymour##and##Flanigan Raymour##and##Flanigan Raymour##and##Flanigan Raymour##and##Flanigan Raymour##and##Flanigan Raymour##and##Flanigan Raymour##and##Flanigan Raymour##and##Flanigan Raymour##and##Flanigan Raymour##and##Flanigan Raymour##and##Flanigan Raymour##and##Flanigan Raymour##and##Flanigan Raymour##and##Flanigan Raymour##and##Flanigan Raymour##and##Flanigan Raymour##and##Flanigan Raymour##and##Flanigan Raymour##and##Flanigan Raymour##and##Flanigan Raymour##and##Flanigan Raymour##and##Flanigan Raymour##and##Flanigan Raymour##and##Flanigan Raymour##and##Flanigan Raymour##and##Flanigan Raymour##and##Flanigan Nutella Nutella Nutella Nutella Nutella Nutella Nutella Nutella Nutella Nutella Nutella Nutella Nutella Nutella Nutella Nutella Nutella Nutella Nutella Nutella Nutella Nutella Nutella Nutella Nutella Nutella Nutella Nutella Nutella Nutella Nutella Nutella Nutella Nutella Nutella American##Beverage##Association American##Beverage##Association American##Beverage##Association American##Beverage##Association American##Beverage##Association American##Beverage##Association American##Beverage##Association American##Beverage##Association American##Beverage##Association American##Beverage##Association American##Beverage##Association American##Beverage##Association American##Beverage##Association American##Beverage##Association American##Beverage##Association American##Beverage##Association American##Beverage##Association American##Beverage##Association American##Beverage##Association American##Beverage##Association American##Beverage##Association American##Beverage##Association American##Beverage##Association American##Beverage##Association American##Beverage##Association American##Beverage##Association American##Beverage##Association American##Beverage##Association American##Beverage##Association American##Beverage##Association American##Beverage##Association American##Beverage##Association American##Beverage##Association Capital##One Capital##One Capital##One Capital##One Capital##One Capital##One Capital##One Capital##One Capital##One Capital##One Capital##One Capital##One Capital##One Capital##One Capital##One Capital##One Capital##One Capital##One Capital##One Capital##One Capital##One Capital##One Capital##One Capital##One Capital##One Capital##One Capital##One Capital##One Capital##One Capital##One Capital##One Land##Rover Land##Rover Land##Rover Land##Rover Land##Rover Land##Rover Land##Rover Land##Rover Land##Rover Land##Rover Land##Rover Land##Rover Land##Rover Land##Rover Land##Rover Land##Rover Land##Rover Land##Rover Land##Rover Land##Rover Land##Rover Land##Rover Land##Rover Land##Rover Land##Rover Land##Rover Land##Rover Land##Rover Land##Rover Land##Rover Comcast Comcast Comcast Comcast Comcast Comcast Comcast Comcast Comcast Comcast Comcast Comcast Comcast Comcast Comcast Comcast Comcast Comcast Comcast Comcast Comcast Comcast Comcast Comcast Comcast Comcast L'Oreal L'Oreal L'Oreal L'Oreal L'Oreal L'Oreal L'Oreal L'Oreal L'Oreal L'Oreal L'Oreal L'Oreal L'Oreal L'Oreal L'Oreal L'Oreal L'Oreal L'Oreal L'Oreal L'Oreal L'Oreal L'Oreal L'Oreal Dean##Foods##Company Dean##Foods##Company Dean##Foods##Company Dean##Foods##Company Dean##Foods##Company Dean##Foods##Company Dean##Foods##Company Dean##Foods##Company Dean##Foods##Company Dean##Foods##Company Dean##Foods##Company Dean##Foods##Company Dean##Foods##Company Dean##Foods##Company Dean##Foods##Company Dean##Foods##Company Dean##Foods##Company Dean##Foods##Company Dean##Foods##Company Dean##Foods##Company Dean##Foods##Company Dean##Foods##Company Dean##Foods##Company Pfizer Pfizer Pfizer Pfizer Pfizer Pfizer Pfizer Pfizer Pfizer Pfizer Pfizer Pfizer Pfizer Pfizer Pfizer Pfizer Pfizer Pfizer Pfizer Pfizer Pfizer Pfizer Kia##Motors Kia##Motors Kia##Motors Kia##Motors Kia##Motors Kia##Motors Kia##Motors Kia##Motors Kia##Motors Kia##Motors Kia##Motors Kia##Motors Kia##Motors Kia##Motors Kia##Motors Kia##Motors Kia##Motors Kia##Motors Kia##Motors Kia##Motors HBO##Series HBO##Series HBO##Series HBO##Series HBO##Series HBO##Series HBO##Series HBO##Series HBO##Series HBO##Series HBO##Series HBO##Series HBO##Series HBO##Series HBO##Series HBO##Series HBO##Series HBO##Series HBO##Series Diageo Diageo Diageo Diageo Diageo Diageo Diageo Diageo Diageo Diageo Diageo Diageo Diageo Diageo Diageo Diageo Diageo Diageo Amtrak Amtrak Amtrak Amtrak Amtrak Amtrak Amtrak Amtrak Amtrak Amtrak Amtrak Amtrak Amtrak Amtrak Amtrak Amtrak Amtrak WhiteWave##Foods##Company WhiteWave##Foods##Company WhiteWave##Foods##Company WhiteWave##Foods##Company WhiteWave##Foods##Company WhiteWave##Foods##Company WhiteWave##Foods##Company WhiteWave##Foods##Company WhiteWave##Foods##Company WhiteWave##Foods##Company WhiteWave##Foods##Company WhiteWave##Foods##Company WhiteWave##Foods##Company WhiteWave##Foods##Company WhiteWave##Foods##Company WhiteWave##Foods##Company WhiteWave##Foods##Company iHealth iHealth iHealth iHealth iHealth iHealth iHealth iHealth iHealth iHealth iHealth iHealth iHealth iHealth iHealth iHealth iHealth Bare##Escentuals Bare##Escentuals Bare##Escentuals Bare##Escentuals Bare##Escentuals Bare##Escentuals Bare##Escentuals Bare##Escentuals Bare##Escentuals Bare##Escentuals Bare##Escentuals Bare##Escentuals Bare##Escentuals Bare##Escentuals Microsoft Microsoft Microsoft Microsoft Microsoft Microsoft Microsoft Microsoft Microsoft Microsoft Microsoft Microsoft Microsoft Chase Chase Chase Chase Chase Chase Chase Chase Chase Chase Chase Chase Rutgers##University Rutgers##University Rutgers##University Rutgers##University Rutgers##University Rutgers##University Rutgers##University Rutgers##University Rutgers##University Rutgers##University Rutgers##University Audi##USA Audi##USA Audi##USA Audi##USA Audi##USA Audi##USA Audi##USA Audi##USA Audi##USA Audi##USA US##Cellular US##Cellular US##Cellular US##Cellular US##Cellular US##Cellular US##Cellular US##Cellular US##Cellular US##Cellular Prudential Prudential Prudential Prudential Prudential Prudential Prudential Prudential Prudential Prudential Emirates##Airlines Emirates##Airlines Emirates##Airlines Emirates##Airlines Emirates##Airlines Emirates##Airlines Emirates##Airlines Emirates##Airlines Emirates##Airlines Emirates##Airlines Toyota##Motor##Sales##USA,##Inc. Toyota##Motor##Sales##USA,##Inc. Toyota##Motor##Sales##USA,##Inc. Toyota##Motor##Sales##USA,##Inc. Toyota##Motor##Sales##USA,##Inc. Toyota##Motor##Sales##USA,##Inc. Toyota##Motor##Sales##USA,##Inc. Toyota##Motor##Sales##USA,##Inc. Toyota##Motor##Sales##USA,##Inc. Toyota##Motor##Sales##USA,##Inc. Exact##Sciences Exact##Sciences Exact##Sciences Exact##Sciences Exact##Sciences Exact##Sciences Exact##Sciences Exact##Sciences Exact##Sciences Weight##Watchers##Smart##Ones Weight##Watchers##Smart##Ones Weight##Watchers##Smart##Ones Weight##Watchers##Smart##Ones Weight##Watchers##Smart##Ones Weight##Watchers##Smart##Ones Weight##Watchers##Smart##Ones Weight##Watchers##Smart##Ones Weight##Watchers##Smart##Ones Mrs.##Meyers##Clean##Day Mrs.##Meyers##Clean##Day Mrs.##Meyers##Clean##Day Mrs.##Meyers##Clean##Day Mrs.##Meyers##Clean##Day Mrs.##Meyers##Clean##Day Mrs.##Meyers##Clean##Day Mrs.##Meyers##Clean##Day Mrs.##Meyers##Clean##Day Dunkin##Brands Dunkin##Brands Dunkin##Brands Dunkin##Brands Dunkin##Brands Dunkin##Brands Dunkin##Brands Dunkin##Brands AT&T AT&T AT&T AT&T AT&T AT&T AT&T AT&T Citizens##Bank Citizens##Bank Citizens##Bank Citizens##Bank Citizens##Bank Citizens##Bank Citizens##Bank Staples,##Inc. Staples,##Inc. Staples,##Inc. Staples,##Inc. Staples,##Inc. Staples,##Inc. Staples,##Inc. Cenex Cenex Cenex Cenex Cenex Cenex Cenex Ultherapy Ultherapy Ultherapy Ultherapy Ultherapy Ultherapy Ultherapy Troy##University Troy##University Troy##University Troy##University Troy##University Troy##University New##York##Health##Benefits##Exchange New##York##Health##Benefits##Exchange New##York##Health##Benefits##Exchange New##York##Health##Benefits##Exchange New##York##Health##Benefits##Exchange New##York##Health##Benefits##Exchange Advocate##Health##Care Advocate##Health##Care Advocate##Health##Care Advocate##Health##Care Advocate##Health##Care Samsung/##Cheil##Communications##America Samsung/##Cheil##Communications##America Samsung/##Cheil##Communications##America Samsung/##Cheil##Communications##America Samsung/##Cheil##Communications##America Rainbow##Media/AMC##TV Rainbow##Media/AMC##TV Rainbow##Media/AMC##TV Rainbow##Media/AMC##TV Rainbow##Media/AMC##TV Zaxby's Zaxby's Zaxby's Zaxby's Zaxby's Avocados##From##Mexico Avocados##From##Mexico Avocados##From##Mexico Avocados##From##Mexico Avocados##From##Mexico NY##Lottery NY##Lottery NY##Lottery NY##Lottery NY##Lottery KFC##Restaurants KFC##Restaurants KFC##Restaurants KFC##Restaurants KFC##Restaurants AutoZone AutoZone AutoZone AutoZone AutoZone Coalition##for##Medicare##Choices Coalition##for##Medicare##Choices Coalition##for##Medicare##Choices Coalition##for##Medicare##Choices Coalition##for##Medicare##Choices Actavis Actavis Actavis Actavis Actavis LogMeIn##Ignition LogMeIn##Ignition LogMeIn##Ignition LogMeIn##Ignition LogMeIn##Ignition Thomas##English##Muffins Thomas##English##Muffins Thomas##English##Muffins Thomas##English##Muffins Thomas##English##Muffins Carnival##Cruise##Lines Carnival##Cruise##Lines Carnival##Cruise##Lines Carnival##Cruise##Lines Carnival##Cruise##Lines Walgreens Walgreens Walgreens Walgreens Walgreens General##Mills General##Mills General##Mills General##Mills General##Mills Verizon Verizon Verizon Verizon Verizon Solvang/Santa##Ynez##Valley Solvang/Santa##Ynez##Valley Solvang/Santa##Ynez##Valley Solvang/Santa##Ynez##Valley Canon Canon Canon Canon Starkist Starkist Starkist Starkist Miller/Coors Miller/Coors Miller/Coors Miller/Coors Nikon##USA Nikon##USA Nikon##USA Nikon##USA King##Arthur##Flour King##Arthur##Flour King##Arthur##Flour King##Arthur##Flour Hormel##Foods##Corp. Hormel##Foods##Corp. Hormel##Foods##Corp. Hormel##Foods##Corp. Virginia##Lottery Virginia##Lottery Virginia##Lottery Virginia##Lottery The##Schwan##Food##Company The##Schwan##Food##Company The##Schwan##Food##Company The##Schwan##Food##Company PacificSource PacificSource PacificSource PacificSource CWOPA##Department##of##Revenue CWOPA##Department##of##Revenue CWOPA##Department##of##Revenue CWOPA##Department##of##Revenue Ball##State##University Ball##State##University Ball##State##University Rockhurst##University Rockhurst##University Rockhurst##University Holland##America##Line Holland##America##Line Holland##America##Line GoGo##SqueeZ GoGo##SqueeZ GoGo##SqueeZ WGBH WGBH WGBH United##State##Marine##Corps United##State##Marine##Corps United##State##Marine##Corps Club##Med Club##Med Club##Med Orlando##Health Orlando##Health Orlando##Health Seagate##Technology Seagate##Technology Seagate##Technology Sub-Zero##Appliances Sub-Zero##Appliances Sub-Zero##Appliances Firekeepers##Casino##Hotel Firekeepers##Casino##Hotel Firekeepers##Casino##Hotel Toys##"R"##Us Toys##"R"##Us Toys##"R"##Us Jim##Beam##Brands Jim##Beam##Brands Jim##Beam##Brands Shea##Moisture Shea##Moisture Shea##Moisture Steamboat##Ski##Resorts Steamboat##Ski##Resorts Steamboat##Ski##Resorts INTL##-##NPower INTL##-##NPower INTL##-##NPower INTL-##Visa##-##UK INTL-##Visa##-##UK INTL-##Visa##-##UK Lancaster##General##Hospital Lancaster##General##Hospital Lancaster##General##Hospital Online##Leaders##Alliance Online##Leaders##Alliance Online##Leaders##Alliance CU##Denver##Online##/##UC##Denver CU##Denver##Online##/##UC##Denver Monsanto Monsanto Sheetz Sheetz United##Technologies##Corporation United##Technologies##Corporation Pennsylvania##Liquor##Control##Board Pennsylvania##Liquor##Control##Board Cars.com Cars.com Astellas Astellas Ricola##Lozenges Ricola##Lozenges Massachusetts##State##Lottery Massachusetts##State##Lottery Evergreen##Health Evergreen##Health Activision##Blizzard##-INTL Activision##Blizzard##-INTL McDonalds##-##DC/Baltimore##&##Boston##Regions McDonalds##-##DC/Baltimore##&##Boston##Regions Hair##Cuttery Hair##Cuttery National##Fuel National##Fuel Dell Dell Harrah's##Rincon Harrah's##Rincon Giant##Eagle Giant##Eagle Bloomin'##Brands Bloomin'##Brands Intl##-##Bupa##International##-##UK Intl##-##Bupa##International##-##UK Memorial##Sloan##Kettering Memorial##Sloan##Kettering Harborside Harborside Brenau##University Brenau##University Deltak##Florida Deltak##Florida Shire##Pharmaceutical Shire##Pharmaceutical Fresh##Express Fresh##Express Covance Covance Hollywood##Casino New##Victory##Theater Hyundai##UK Snowmass##Tourism Novant##Health Mount##Stowe PGA##Tour Medieval##Times Deer##Valley##Resort Columbia##University Three##Mobile##-##Intl Volvo##Uk Walla##Walla##Tourism NOVA##Southeastern##University Go##Build##Alabama City##of##Allen Destination##D.C. Universal##Health##Services COI##-##Government##-##UK INTL##-##Skoda Masonicare Random##House johnson&Johnson Harris##Bank Chattanooga##Airport Museum##of##Science 